农村二层住宅施工图,/Volumes/资料数据/108套别墅新农村自建房图纸/001农村二层住宅/农村二层住宅施工图.dwg,615946,.dwg,N/A
农村二层住宅施工图,/Volumes/资料数据/108套别墅新农村自建房图纸/001农村二层住宅/农村二层住宅施工图.jpg,258902,.jpg,"(1697, 1131)"
Thumbs,/Volumes/资料数据/108套别墅新农村自建房图纸/002~017现代风格住宅/Thumbs.db,8704,.db,N/A
Thumbs,/Volumes/资料数据/108套别墅新农村自建房图纸/002~017现代风格住宅/02/Thumbs.db,13312,.db,N/A
现代风格住宅02,/Volumes/资料数据/108套别墅新农村自建房图纸/002~017现代风格住宅/02/现代风格住宅02.DWG,284425,.DWG,N/A
现代风格住宅02,/Volumes/资料数据/108套别墅新农村自建房图纸/002~017现代风格住宅/02/现代风格住宅02.jpg,157492,.jpg,"(1697, 1131)"
Thumbs,/Volumes/资料数据/108套别墅新农村自建房图纸/002~017现代风格住宅/03/Thumbs.db,14336,.db,N/A
现代风格住宅03,/Volumes/资料数据/108套别墅新农村自建房图纸/002~017现代风格住宅/03/现代风格住宅03.dwg,766009,.dwg,N/A
现代风格住宅03,/Volumes/资料数据/108套别墅新农村自建房图纸/002~017现代风格住宅/03/现代风格住宅03.jpg,195022,.jpg,"(1697, 1131)"
现代风格住宅04,/Volumes/资料数据/108套别墅新农村自建房图纸/002~017现代风格住宅/04/现代风格住宅04.DWG,300289,.DWG,N/A
现代风格住宅04,/Volumes/资料数据/108套别墅新农村自建房图纸/002~017现代风格住宅/04/现代风格住宅04.jpg,221284,.jpg,"(1697, 1131)"
现代风格住宅05,/Volumes/资料数据/108套别墅新农村自建房图纸/002~017现代风格住宅/05/现代风格住宅05.DWG,285297,.DWG,N/A
现代风格住宅05,/Volumes/资料数据/108套别墅新农村自建房图纸/002~017现代风格住宅/05/现代风格住宅05.jpg,179700,.jpg,"(1697, 1131)"
现代风格住宅06,/Volumes/资料数据/108套别墅新农村自建房图纸/002~017现代风格住宅/06/现代风格住宅06.dwg,893854,.dwg,N/A
现代风格住宅06,/Volumes/资料数据/108套别墅新农村自建房图纸/002~017现代风格住宅/06/现代风格住宅06.jpg,265628,.jpg,"(1697, 1131)"
现代风格住宅07,/Volumes/资料数据/108套别墅新农村自建房图纸/002~017现代风格住宅/07/现代风格住宅07.dwg,822828,.dwg,N/A
现代风格住宅07,/Volumes/资料数据/108套别墅新农村自建房图纸/002~017现代风格住宅/07/现代风格住宅07.jpg,237249,.jpg,"(1697, 1131)"
现代风格住宅08,/Volumes/资料数据/108套别墅新农村自建房图纸/002~017现代风格住宅/08/现代风格住宅08.dwg,1061139,.dwg,N/A
现代风格住宅08,/Volumes/资料数据/108套别墅新农村自建房图纸/002~017现代风格住宅/08/现代风格住宅08.jpg,159620,.jpg,"(1697, 1131)"
现代风格住宅09,/Volumes/资料数据/108套别墅新农村自建房图纸/002~017现代风格住宅/09/现代风格住宅09.DWG,575141,.DWG,N/A
现代风格住宅09,/Volumes/资料数据/108套别墅新农村自建房图纸/002~017现代风格住宅/09/现代风格住宅09.jpg,255275,.jpg,"(1131, 1697)"
现代风格住宅10,/Volumes/资料数据/108套别墅新农村自建房图纸/002~017现代风格住宅/10/现代风格住宅10.dwg,692914,.dwg,N/A
现代风格住宅10,/Volumes/资料数据/108套别墅新农村自建房图纸/002~017现代风格住宅/10/现代风格住宅10.jpg,249711,.jpg,"(1697, 1131)"
现代风格住宅11,/Volumes/资料数据/108套别墅新农村自建房图纸/002~017现代风格住宅/11/现代风格住宅11.dwg,712949,.dwg,N/A
现代风格住宅11,/Volumes/资料数据/108套别墅新农村自建房图纸/002~017现代风格住宅/11/现代风格住宅11.jpg,219803,.jpg,"(1697, 1131)"
现代风格住宅12,/Volumes/资料数据/108套别墅新农村自建房图纸/002~017现代风格住宅/12/现代风格住宅12.dwg,896233,.dwg,N/A
现代风格住宅12,/Volumes/资料数据/108套别墅新农村自建房图纸/002~017现代风格住宅/12/现代风格住宅12.jpg,232055,.jpg,"(1697, 1131)"
现代风格住宅13,/Volumes/资料数据/108套别墅新农村自建房图纸/002~017现代风格住宅/13/现代风格住宅13.DWG,910032,.DWG,N/A
现代风格住宅13,/Volumes/资料数据/108套别墅新农村自建房图纸/002~017现代风格住宅/13/现代风格住宅13.jpg,129119,.jpg,"(1697, 1131)"
现代风格住宅14,/Volumes/资料数据/108套别墅新农村自建房图纸/002~017现代风格住宅/14/现代风格住宅14.DWG,631255,.DWG,N/A
现代风格住宅14,/Volumes/资料数据/108套别墅新农村自建房图纸/002~017现代风格住宅/14/现代风格住宅14.jpg,221699,.jpg,"(1697, 1131)"
现代风格住宅15,/Volumes/资料数据/108套别墅新农村自建房图纸/002~017现代风格住宅/15/现代风格住宅15.dwg,682718,.dwg,N/A
现代风格住宅15,/Volumes/资料数据/108套别墅新农村自建房图纸/002~017现代风格住宅/15/现代风格住宅15.jpg,197153,.jpg,"(1697, 1131)"
Thumbs,/Volumes/资料数据/108套别墅新农村自建房图纸/002~017现代风格住宅/16/Thumbs.db,21504,.db,N/A
现代风格住宅16,/Volumes/资料数据/108套别墅新农村自建房图纸/002~017现代风格住宅/16/现代风格住宅16.dwg,581433,.dwg,N/A
现代风格住宅16,/Volumes/资料数据/108套别墅新农村自建房图纸/002~017现代风格住宅/16/现代风格住宅16.jpg,225006,.jpg,"(1697, 1131)"
现代风格住宅17,/Volumes/资料数据/108套别墅新农村自建房图纸/002~017现代风格住宅/17/现代风格住宅17.DWG,220627,.DWG,N/A
现代风格住宅17,/Volumes/资料数据/108套别墅新农村自建房图纸/002~017现代风格住宅/17/现代风格住宅17.jpg,261345,.jpg,"(1697, 1131)"
带地下室欧式别墅1,/Volumes/资料数据/108套别墅新农村自建房图纸/018~019带地下室欧式别墅1/带地下室欧式别墅1.dwg,725292,.dwg,N/A
带地下室欧式别墅1,/Volumes/资料数据/108套别墅新农村自建房图纸/018~019带地下室欧式别墅1/带地下室欧式别墅1.jpg,577764,.jpg,"(1200, 714)"
带地下室欧式别墅2,/Volumes/资料数据/108套别墅新农村自建房图纸/018~019带地下室欧式别墅1/带地下室欧式别墅2.dwg,776760,.dwg,N/A
带地下室欧式别墅2,/Volumes/资料数据/108套别墅新农村自建房图纸/018~019带地下室欧式别墅1/带地下室欧式别墅2.jpg,550061,.jpg,"(1200, 733)"
欧式别墅020,/Volumes/资料数据/108套别墅新农村自建房图纸/020~033欧式别墅/20/欧式别墅020.dwg,138252,.dwg,N/A
欧式别墅020,/Volumes/资料数据/108套别墅新农村自建房图纸/020~033欧式别墅/20/欧式别墅020.jpg,161061,.jpg,"(1697, 1131)"
欧式别墅021,/Volumes/资料数据/108套别墅新农村自建房图纸/020~033欧式别墅/21/欧式别墅021.dwg,171684,.dwg,N/A
欧式别墅021,/Volumes/资料数据/108套别墅新农村自建房图纸/020~033欧式别墅/21/欧式别墅021.jpg,189456,.jpg,"(1697, 1131)"
欧式别墅022,/Volumes/资料数据/108套别墅新农村自建房图纸/020~033欧式别墅/22/欧式别墅022.dwg,148180,.dwg,N/A
欧式别墅022,/Volumes/资料数据/108套别墅新农村自建房图纸/020~033欧式别墅/22/欧式别墅022.jpg,185750,.jpg,"(1697, 1131)"
欧式别墅023,/Volumes/资料数据/108套别墅新农村自建房图纸/020~033欧式别墅/23/欧式别墅023.dwg,360452,.dwg,N/A
欧式别墅023,/Volumes/资料数据/108套别墅新农村自建房图纸/020~033欧式别墅/23/欧式别墅023.jpg,196646,.jpg,"(1697, 1131)"
欧式别墅024,/Volumes/资料数据/108套别墅新农村自建房图纸/020~033欧式别墅/24/欧式别墅024.dwg,316081,.dwg,N/A
欧式别墅024,/Volumes/资料数据/108套别墅新农村自建房图纸/020~033欧式别墅/24/欧式别墅024.jpg,207235,.jpg,"(1697, 1131)"
欧式别墅025,/Volumes/资料数据/108套别墅新农村自建房图纸/020~033欧式别墅/25/欧式别墅025.dwg,200373,.dwg,N/A
欧式别墅025,/Volumes/资料数据/108套别墅新农村自建房图纸/020~033欧式别墅/25/欧式别墅025.jpg,228114,.jpg,"(1697, 1131)"
欧式别墅026,/Volumes/资料数据/108套别墅新农村自建房图纸/020~033欧式别墅/26/欧式别墅026.dwg,175106,.dwg,N/A
欧式别墅026,/Volumes/资料数据/108套别墅新农村自建房图纸/020~033欧式别墅/26/欧式别墅026.jpg,180412,.jpg,"(1697, 1131)"
欧式别墅027,/Volumes/资料数据/108套别墅新农村自建房图纸/020~033欧式别墅/27/欧式别墅027.dwg,172738,.dwg,N/A
欧式别墅027,/Volumes/资料数据/108套别墅新农村自建房图纸/020~033欧式别墅/27/欧式别墅027.jpg,175347,.jpg,"(1697, 1131)"
欧式别墅028,/Volumes/资料数据/108套别墅新农村自建房图纸/020~033欧式别墅/28/欧式别墅028.dwg,226556,.dwg,N/A
欧式别墅028,/Volumes/资料数据/108套别墅新农村自建房图纸/020~033欧式别墅/28/欧式别墅028.jpg,198555,.jpg,"(1697, 1131)"
欧式别墅29,/Volumes/资料数据/108套别墅新农村自建房图纸/020~033欧式别墅/29/欧式别墅29.dwg,261234,.dwg,N/A
欧式别墅29,/Volumes/资料数据/108套别墅新农村自建房图纸/020~033欧式别墅/29/欧式别墅29.jpg,190109,.jpg,"(1697, 1131)"
欧式别墅030,/Volumes/资料数据/108套别墅新农村自建房图纸/020~033欧式别墅/30/欧式别墅030.dwg,196905,.dwg,N/A
欧式别墅030,/Volumes/资料数据/108套别墅新农村自建房图纸/020~033欧式别墅/30/欧式别墅030.jpg,208224,.jpg,"(1697, 1131)"
欧式别墅031,/Volumes/资料数据/108套别墅新农村自建房图纸/020~033欧式别墅/31/欧式别墅031.dwg,160028,.dwg,N/A
欧式别墅031,/Volumes/资料数据/108套别墅新农村自建房图纸/020~033欧式别墅/31/欧式别墅031.jpg,165525,.jpg,"(1697, 1131)"
欧式别墅032,/Volumes/资料数据/108套别墅新农村自建房图纸/020~033欧式别墅/32/欧式别墅032.dwg,172131,.dwg,N/A
欧式别墅032,/Volumes/资料数据/108套别墅新农村自建房图纸/020~033欧式别墅/32/欧式别墅032.jpg,227105,.jpg,"(1697, 1131)"
欧式别墅033,/Volumes/资料数据/108套别墅新农村自建房图纸/020~033欧式别墅/33/欧式别墅033.dwg,178340,.dwg,N/A
欧式别墅033,/Volumes/资料数据/108套别墅新农村自建房图纸/020~033欧式别墅/33/欧式别墅033.jpg,232046,.jpg,"(1697, 1131)"
整套欧式别墅设计装修图纸,/Volumes/资料数据/108套别墅新农村自建房图纸/035欧式别墅/整套欧式别墅设计装修图纸.dwg,5072776,.dwg,N/A
整套欧式别墅设计装修图纸,/Volumes/资料数据/108套别墅新农村自建房图纸/035欧式别墅/整套欧式别墅设计装修图纸.jpg,264266,.jpg,"(1697, 1131)"
农村二层住宅建筑图,/Volumes/资料数据/108套别墅新农村自建房图纸/036农村二层住宅建筑图/农村二层住宅建筑图.dwg,445925,.dwg,N/A
农村二层住宅建筑图,/Volumes/资料数据/108套别墅新农村自建房图纸/036农村二层住宅建筑图/农村二层住宅建筑图.jpg,260786,.jpg,"(1697, 1131)"
上海某豪华别墅施工图纸,/Volumes/资料数据/108套别墅新农村自建房图纸/037某豪华别墅/上海某豪华别墅施工图纸.dwg,6918694,.dwg,N/A
上海某豪华别墅施工图纸01,/Volumes/资料数据/108套别墅新农村自建房图纸/037某豪华别墅/上海某豪华别墅施工图纸01.jpg,218604,.jpg,"(1697, 1131)"
上海某豪华别墅施工图纸02,/Volumes/资料数据/108套别墅新农村自建房图纸/037某豪华别墅/上海某豪华别墅施工图纸02.jpg,286572,.jpg,"(1697, 1131)"
中西独院别墅1,/Volumes/资料数据/108套别墅新农村自建房图纸/038中西独院别墅/中西独院别墅1.dwg,750038,.dwg,N/A
中西独院别墅1,/Volumes/资料数据/108套别墅新农村自建房图纸/038中西独院别墅/中西独院别墅1.jpg,315338,.jpg,"(1697, 1131)"
039,/Volumes/资料数据/108套别墅新农村自建房图纸/039~04911套经典住宅户型/039.jpg,172120,.jpg,"(1697, 1131)"
040,/Volumes/资料数据/108套别墅新农村自建房图纸/039~04911套经典住宅户型/040.jpg,176110,.jpg,"(1697, 1131)"
041,/Volumes/资料数据/108套别墅新农村自建房图纸/039~04911套经典住宅户型/041.jpg,168174,.jpg,"(1697, 1131)"
042,/Volumes/资料数据/108套别墅新农村自建房图纸/039~04911套经典住宅户型/042.jpg,175099,.jpg,"(1697, 1131)"
043,/Volumes/资料数据/108套别墅新农村自建房图纸/039~04911套经典住宅户型/043.jpg,166389,.jpg,"(1697, 1131)"
044,/Volumes/资料数据/108套别墅新农村自建房图纸/039~04911套经典住宅户型/044.jpg,182512,.jpg,"(1697, 1131)"
045,/Volumes/资料数据/108套别墅新农村自建房图纸/039~04911套经典住宅户型/045.jpg,166373,.jpg,"(1697, 1131)"
046,/Volumes/资料数据/108套别墅新农村自建房图纸/039~04911套经典住宅户型/046.jpg,161186,.jpg,"(1697, 1131)"
047,/Volumes/资料数据/108套别墅新农村自建房图纸/039~04911套经典住宅户型/047.jpg,163063,.jpg,"(1697, 1131)"
048,/Volumes/资料数据/108套别墅新农村自建房图纸/039~04911套经典住宅户型/048.jpg,152649,.jpg,"(1697, 1131)"
049,/Volumes/资料数据/108套别墅新农村自建房图纸/039~04911套经典住宅户型/049.jpg,149335,.jpg,"(1697, 1131)"
11套经典住宅户型,/Volumes/资料数据/108套别墅新农村自建房图纸/039~04911套经典住宅户型/11套经典住宅户型.dwg,1815609,.dwg,N/A
中西独院别墅2,/Volumes/资料数据/108套别墅新农村自建房图纸/050中西独院别墅2/中西独院别墅2.dwg,762147,.dwg,N/A
中西独院别墅2,/Volumes/资料数据/108套别墅新农村自建房图纸/050中西独院别墅2/中西独院别墅2.jpg,317234,.jpg,"(1697, 1131)"
中西独院别墅3,/Volumes/资料数据/108套别墅新农村自建房图纸/051中西独院别墅3/中西独院别墅3.dwg,897006,.dwg,N/A
中西独院别墅3,/Volumes/资料数据/108套别墅新农村自建房图纸/051中西独院别墅3/中西独院别墅3.jpg,306216,.jpg,"(1697, 1131)"
中西独院别墅4,/Volumes/资料数据/108套别墅新农村自建房图纸/052中西独院别墅4/中西独院别墅4.dwg,779005,.dwg,N/A
中西独院别墅4,/Volumes/资料数据/108套别墅新农村自建房图纸/052中西独院别墅4/中西独院别墅4.jpg,299851,.jpg,"(1697, 1131)"
2套别墅全套建施图,/Volumes/资料数据/108套别墅新农村自建房图纸/053~0542套别墅全套建施图/2套别墅全套建施图.dwg,2783230,.dwg,N/A
夜景透视.,/Volumes/资料数据/108套别墅新农村自建房图纸/053~0542套别墅全套建施图/夜景透视..JPG,48290,.JPG,"(587, 640)"
鸟瞰白天.,/Volumes/资料数据/108套别墅新农村自建房图纸/053~0542套别墅全套建施图/鸟瞰白天..JPG,62383,.JPG,"(640, 570)"
别墅式疗养房1,/Volumes/资料数据/108套别墅新农村自建房图纸/055~057别墅式疗养房/别墅式疗养房1.dwg,806559,.dwg,N/A
别墅式疗养房1l,/Volumes/资料数据/108套别墅新农村自建房图纸/055~057别墅式疗养房/别墅式疗养房1l.jpg,239130,.jpg,"(1697, 1131)"
别墅式疗养房2,/Volumes/资料数据/108套别墅新农村自建房图纸/055~057别墅式疗养房/别墅式疗养房2.dwg,1384362,.dwg,N/A
别墅式疗养房2,/Volumes/资料数据/108套别墅新农村自建房图纸/055~057别墅式疗养房/别墅式疗养房2.jpg,259163,.jpg,"(1697, 1131)"
别墅式疗养房3,/Volumes/资料数据/108套别墅新农村自建房图纸/055~057别墅式疗养房/别墅式疗养房3.dwg,768350,.dwg,N/A
别墅式疗养房3,/Volumes/资料数据/108套别墅新农村自建房图纸/055~057别墅式疗养房/别墅式疗养房3.jpg,256264,.jpg,"(1697, 1131)"
中国古典别墅施工图,/Volumes/资料数据/108套别墅新农村自建房图纸/058中国古典别墅施工图/中国古典别墅施工图.dwg,1837315,.dwg,N/A
中国古典别墅施工图,/Volumes/资料数据/108套别墅新农村自建房图纸/058中国古典别墅施工图/中国古典别墅施工图.jpg,143561,.jpg,"(1697, 1131)"
059,/Volumes/资料数据/108套别墅新农村自建房图纸/059~07012套农村住宅设计方案/059.jpg,160086,.jpg,"(1697, 1131)"
060,/Volumes/资料数据/108套别墅新农村自建房图纸/059~07012套农村住宅设计方案/060.jpg,176789,.jpg,"(1697, 1131)"
061,/Volumes/资料数据/108套别墅新农村自建房图纸/059~07012套农村住宅设计方案/061.jpg,157419,.jpg,"(1697, 1131)"
062,/Volumes/资料数据/108套别墅新农村自建房图纸/059~07012套农村住宅设计方案/062.jpg,248880,.jpg,"(1697, 1131)"
063,/Volumes/资料数据/108套别墅新农村自建房图纸/059~07012套农村住宅设计方案/063.jpg,144912,.jpg,"(1697, 1131)"
064,/Volumes/资料数据/108套别墅新农村自建房图纸/059~07012套农村住宅设计方案/064.jpg,128072,.jpg,"(1697, 1131)"
066,/Volumes/资料数据/108套别墅新农村自建房图纸/059~07012套农村住宅设计方案/066.jpg,238667,.jpg,"(1697, 1131)"
067,/Volumes/资料数据/108套别墅新农村自建房图纸/059~07012套农村住宅设计方案/067.jpg,139924,.jpg,"(1697, 1131)"
068,/Volumes/资料数据/108套别墅新农村自建房图纸/059~07012套农村住宅设计方案/068.jpg,176702,.jpg,"(1697, 1131)"
070,/Volumes/资料数据/108套别墅新农村自建房图纸/059~07012套农村住宅设计方案/070.jpg,128316,.jpg,"(1697, 1131)"
12套农村住宅设计方案,/Volumes/资料数据/108套别墅新农村自建房图纸/059~07012套农村住宅设计方案/12套农村住宅设计方案.dwg,3826732,.dwg,N/A
65,/Volumes/资料数据/108套别墅新农村自建房图纸/059~07012套农村住宅设计方案/65.jpg,184281,.jpg,"(1697, 1131)"
69,/Volumes/资料数据/108套别墅新农村自建房图纸/059~07012套农村住宅设计方案/69.jpg,180154,.jpg,"(1697, 1131)"
某中式高档仿古别墅全套施工图,/Volumes/资料数据/108套别墅新农村自建房图纸/071某中式高档仿古别墅全套施工图/某中式高档仿古别墅全套施工图.dwg,4982744,.dwg,N/A
某中式高档仿古别墅全套施工图,/Volumes/资料数据/108套别墅新农村自建房图纸/071某中式高档仿古别墅全套施工图/某中式高档仿古别墅全套施工图.jpg,208406,.jpg,"(1697, 1131)"
万科四季花城某别墅装饰施工套图,/Volumes/资料数据/108套别墅新农村自建房图纸/072万科四季花城某别墅装饰施工套图/万科四季花城某别墅装饰施工套图.dwg,1841329,.dwg,N/A
万科四季花城某别墅装饰施工套图,/Volumes/资料数据/108套别墅新农村自建房图纸/072万科四季花城某别墅装饰施工套图/万科四季花城某别墅装饰施工套图.jpg,193398,.jpg,"(1697, 1131)"
1 风车别墅,/Volumes/资料数据/108套别墅新农村自建房图纸/073 风车别墅/1 风车别墅.jpg,828465,.jpg,"(2268, 1134)"
2 风车别墅,/Volumes/资料数据/108套别墅新农村自建房图纸/073 风车别墅/2 风车别墅.jpg,820799,.jpg,"(1984, 992)"
3 风车别墅,/Volumes/资料数据/108套别墅新农村自建房图纸/073 风车别墅/3 风车别墅.jpg,292029,.jpg,"(1854, 1500)"
现代别墅方案,/Volumes/资料数据/108套别墅新农村自建房图纸/073 风车别墅/现代别墅方案.dwg,237913,.dwg,N/A
独栋N-01,/Volumes/资料数据/108套别墅新农村自建房图纸/074~086独栋N/独栋N-01.dwg,333761,.dwg,N/A
独栋N-01,/Volumes/资料数据/108套别墅新农村自建房图纸/074~086独栋N/独栋N-01.jpg,235398,.jpg,"(1697, 1131)"
独栋N-02,/Volumes/资料数据/108套别墅新农村自建房图纸/074~086独栋N/独栋N-02.dwg,295079,.dwg,N/A
独栋N-02,/Volumes/资料数据/108套别墅新农村自建房图纸/074~086独栋N/独栋N-02.jpg,199865,.jpg,"(1697, 1131)"
独栋N-03,/Volumes/资料数据/108套别墅新农村自建房图纸/074~086独栋N/独栋N-03.dwg,202527,.dwg,N/A
独栋N-03,/Volumes/资料数据/108套别墅新农村自建房图纸/074~086独栋N/独栋N-03.jpg,188172,.jpg,"(1697, 1131)"
独栋N-04,/Volumes/资料数据/108套别墅新农村自建房图纸/074~086独栋N/独栋N-04.dwg,238867,.dwg,N/A
独栋N-04,/Volumes/资料数据/108套别墅新农村自建房图纸/074~086独栋N/独栋N-04.jpg,182217,.jpg,"(1697, 1131)"
独栋N-05,/Volumes/资料数据/108套别墅新农村自建房图纸/074~086独栋N/独栋N-05.dwg,177083,.dwg,N/A
独栋N-05,/Volumes/资料数据/108套别墅新农村自建房图纸/074~086独栋N/独栋N-05.jpg,114241,.jpg,"(1697, 1131)"
独栋N-06,/Volumes/资料数据/108套别墅新农村自建房图纸/074~086独栋N/独栋N-06.dwg,180249,.dwg,N/A
独栋N-06,/Volumes/资料数据/108套别墅新农村自建房图纸/074~086独栋N/独栋N-06.jpg,144858,.jpg,"(1697, 1131)"
独栋N-07,/Volumes/资料数据/108套别墅新农村自建房图纸/074~086独栋N/独栋N-07.dwg,277688,.dwg,N/A
独栋N-07,/Volumes/资料数据/108套别墅新农村自建房图纸/074~086独栋N/独栋N-07.jpg,137885,.jpg,"(1697, 1131)"
独栋N-08,/Volumes/资料数据/108套别墅新农村自建房图纸/074~086独栋N/独栋N-08.dwg,207526,.dwg,N/A
独栋N-08,/Volumes/资料数据/108套别墅新农村自建房图纸/074~086独栋N/独栋N-08.jpg,155376,.jpg,"(1697, 1131)"
独栋N-09,/Volumes/资料数据/108套别墅新农村自建房图纸/074~086独栋N/独栋N-09.dwg,215400,.dwg,N/A
独栋N-09,/Volumes/资料数据/108套别墅新农村自建房图纸/074~086独栋N/独栋N-09.jpg,154163,.jpg,"(1697, 1131)"
独栋N-10,/Volumes/资料数据/108套别墅新农村自建房图纸/074~086独栋N/独栋N-10.dwg,178650,.dwg,N/A
独栋N-10,/Volumes/资料数据/108套别墅新农村自建房图纸/074~086独栋N/独栋N-10.jpg,157734,.jpg,"(1697, 1131)"
独栋N-11,/Volumes/资料数据/108套别墅新农村自建房图纸/074~086独栋N/独栋N-11.dwg,175258,.dwg,N/A
独栋N-11,/Volumes/资料数据/108套别墅新农村自建房图纸/074~086独栋N/独栋N-11.jpg,135655,.jpg,"(1697, 1131)"
独栋N-12,/Volumes/资料数据/108套别墅新农村自建房图纸/074~086独栋N/独栋N-12.dwg,164468,.dwg,N/A
独栋N-12,/Volumes/资料数据/108套别墅新农村自建房图纸/074~086独栋N/独栋N-12.jpg,119241,.jpg,"(1697, 1131)"
独栋N-13,/Volumes/资料数据/108套别墅新农村自建房图纸/074~086独栋N/独栋N-13.dwg,181887,.dwg,N/A
独栋N-13,/Volumes/资料数据/108套别墅新农村自建房图纸/074~086独栋N/独栋N-13.jpg,158316,.jpg,"(1697, 1131)"
三层半实用农村住宅,/Volumes/资料数据/108套别墅新农村自建房图纸/087三层半实用农村住宅/三层半实用农村住宅.dwg,660641,.dwg,N/A
三层半实用农村住宅,/Volumes/资料数据/108套别墅新农村自建房图纸/087三层半实用农村住宅/三层半实用农村住宅.jpg,198519,.jpg,"(1697, 1131)"
088,/Volumes/资料数据/108套别墅新农村自建房图纸/088~09811套别墅户型设计方案图/088.jpg,172266,.jpg,"(1697, 1131)"
089,/Volumes/资料数据/108套别墅新农村自建房图纸/088~09811套别墅户型设计方案图/089.jpg,188289,.jpg,"(1697, 1131)"
090,/Volumes/资料数据/108套别墅新农村自建房图纸/088~09811套别墅户型设计方案图/090.jpg,216479,.jpg,"(1697, 1131)"
091,/Volumes/资料数据/108套别墅新农村自建房图纸/088~09811套别墅户型设计方案图/091.jpg,217195,.jpg,"(1697, 1131)"
092,/Volumes/资料数据/108套别墅新农村自建房图纸/088~09811套别墅户型设计方案图/092.jpg,208902,.jpg,"(1697, 1131)"
093,/Volumes/资料数据/108套别墅新农村自建房图纸/088~09811套别墅户型设计方案图/093.jpg,205417,.jpg,"(1697, 1131)"
094,/Volumes/资料数据/108套别墅新农村自建房图纸/088~09811套别墅户型设计方案图/094.jpg,186441,.jpg,"(1697, 1131)"
095,/Volumes/资料数据/108套别墅新农村自建房图纸/088~09811套别墅户型设计方案图/095.jpg,185462,.jpg,"(1697, 1131)"
096,/Volumes/资料数据/108套别墅新农村自建房图纸/088~09811套别墅户型设计方案图/096.jpg,180254,.jpg,"(1697, 1131)"
097,/Volumes/资料数据/108套别墅新农村自建房图纸/088~09811套别墅户型设计方案图/097.jpg,164181,.jpg,"(1697, 1131)"
098,/Volumes/资料数据/108套别墅新农村自建房图纸/088~09811套别墅户型设计方案图/098.jpg,167691,.jpg,"(1697, 1131)"
11套别墅户型设计方案图,/Volumes/资料数据/108套别墅新农村自建房图纸/088~09811套别墅户型设计方案图/11套别墅户型设计方案图.dwg,1318474,.dwg,N/A
别墅结构装修效果图,/Volumes/资料数据/108套别墅新农村自建房图纸/099别墅结构装修效果图/别墅结构装修效果图.dwg,374139,.dwg,N/A
别墅结构装修效果图,/Volumes/资料数据/108套别墅新农村自建房图纸/099别墅结构装修效果图/别墅结构装修效果图.JPG,6397011,.JPG,"(3112, 2394)"
豪华别墅,/Volumes/资料数据/108套别墅新农村自建房图纸/100豪华别墅/豪华别墅.dwg,1600677,.dwg,N/A
豪华别墅,/Volumes/资料数据/108套别墅新农村自建房图纸/100豪华别墅/豪华别墅.jpg,334822,.jpg,"(1697, 1131)"
A3-type-c,/Volumes/资料数据/108套别墅新农村自建房图纸/101~102方案/A3-type-c.jpg,1438150,.jpg,"(2880, 2036)"
Thumbs,/Volumes/资料数据/108套别墅新农村自建房图纸/101~102方案/Thumbs.db,22528,.db,N/A
方案一,/Volumes/资料数据/108套别墅新农村自建房图纸/101~102方案/方案一.dwg,2299718,.dwg,N/A
方案一,/Volumes/资料数据/108套别墅新农村自建房图纸/101~102方案/方案一.JPG,1238042,.JPG,"(3200, 2052)"
方案二,/Volumes/资料数据/108套别墅新农村自建房图纸/101~102方案/方案二.dwg,361062,.dwg,N/A
Thumbs,/Volumes/资料数据/108套别墅新农村自建房图纸/103别墅/Thumbs.db,8704,.db,N/A
别墅,/Volumes/资料数据/108套别墅新农村自建房图纸/103别墅/别墅.dwg,536603,.dwg,N/A
别墅,/Volumes/资料数据/108套别墅新农村自建房图纸/103别墅/别墅.jpg,996407,.jpg,"(3000, 1704)"
设计说明横,/Volumes/资料数据/108套别墅新农村自建房图纸/103别墅/设计说明横.doc,25088,.doc,N/A
3层独栋别墅施工图,/Volumes/资料数据/108套别墅新农村自建房图纸/1043层独栋别墅施工图/3层独栋别墅施工图.dwg,1282306,.dwg,N/A
Thumbs,/Volumes/资料数据/108套别墅新农村自建房图纸/1043层独栋别墅施工图/Thumbs.db,18432,.db,N/A
别墅效果图,/Volumes/资料数据/108套别墅新农村自建房图纸/1043层独栋别墅施工图/别墅效果图.JPG,2395269,.JPG,"(4690, 3083)"
平立剖面图1,/Volumes/资料数据/108套别墅新农村自建房图纸/105/平立剖面图1.dwg,1221196,.dwg,N/A
平面放大图,/Volumes/资料数据/108套别墅新农村自建房图纸/105/平面放大图.dwg,984683,.dwg,N/A
节点,/Volumes/资料数据/108套别墅新农村自建房图纸/105/节点.dwg,268071,.dwg,N/A
说明,/Volumes/资料数据/108套别墅新农村自建房图纸/105/说明.dwg,82528,.dwg,N/A
Thumbs,/Volumes/资料数据/108套别墅新农村自建房图纸/106俄罗斯式别墅/Thumbs.db,5632,.db,N/A
俄罗斯式别墅A,/Volumes/资料数据/108套别墅新农村自建房图纸/106俄罗斯式别墅/俄罗斯式别墅A.dwg,3786284,.dwg,N/A
俄罗斯式别墅B,/Volumes/资料数据/108套别墅新农村自建房图纸/106俄罗斯式别墅/俄罗斯式别墅B.dwg,1180574,.dwg,N/A
Thumbs,/Volumes/资料数据/108套别墅新农村自建房图纸/107豪华别墅图建筑图./Thumbs.db,5632,.db,N/A
豪华别墅图建筑图,/Volumes/资料数据/108套别墅新农村自建房图纸/107豪华别墅图建筑图./豪华别墅图建筑图.dwg,2309799,.dwg,N/A
豪华别墅图建筑图,/Volumes/资料数据/108套别墅新农村自建房图纸/107豪华别墅图建筑图./豪华别墅图建筑图.jpg,286764,.jpg,"(1191, 842)"
111,/Volumes/资料数据/108套别墅新农村自建房图纸/108两层独立别墅方案设计/111.jpg,401821,.jpg,"(2400, 1800)"
115,/Volumes/资料数据/108套别墅新农村自建房图纸/108两层独立别墅方案设计/115.jpg,581025,.jpg,"(2400, 1800)"
117,/Volumes/资料数据/108套别墅新农村自建房图纸/108两层独立别墅方案设计/117.jpg,368220,.jpg,"(1800, 1350)"
119,/Volumes/资料数据/108套别墅新农村自建房图纸/108两层独立别墅方案设计/119.jpg,173047,.jpg,"(1800, 1350)"
Thumbs,/Volumes/资料数据/108套别墅新农村自建房图纸/108两层独立别墅方案设计/Thumbs.db,26624,.db,N/A
两层独立别墅方案设计,/Volumes/资料数据/108套别墅新农村自建房图纸/108两层独立别墅方案设计/两层独立别墅方案设计.dwg,1309528,.dwg,N/A
DwgSeePlus,/Volumes/资料数据/108套别墅新农村自建房图纸/DwgSeePlus看图绿色软件/DwgSeePlus.exe,13789184,.exe,N/A
使用说明,/Volumes/资料数据/108套别墅新农村自建房图纸/DwgSeePlus看图绿色软件/使用说明.txt,88,.txt,N/A
